a88_code,a88_label,a38_code,a38_label,a17_code,a17_label,a10_code,a10_label,a5_code,a5_label
01,"Crop and animal production, hunting and related service activities",AZ,"Agriculture, forestry, and fisheries",AZ,"Agriculture, forestry, and fisheries",AZ,"Agriculture, forestry, and fisheries",AZ,"Agriculture, forestry, and fisheries"
02,Forestry and logging,AZ,"Agriculture, forestry, and fisheries",AZ,"Agriculture, forestry, and fisheries",AZ,"Agriculture, forestry, and fisheries",AZ,"Agriculture, forestry, and fisheries"
03,Fishing and aquaculture,AZ,"Agriculture, forestry, and fisheries",AZ,"Agriculture, forestry, and fisheries",AZ,"Agriculture, forestry, and fisheries",AZ,"Agriculture, forestry, and fisheries"
05,Mining of coal and lignite,BZ,Mining and quarrying,DE,Mining and quarrying; energy; water supply; waste management and remediation activities,BE,"Mining, quarrying and manufacturing",BE,"Mining, quarrying and manufacturing"
06,Extraction of crude petroleum and natural gas,BZ,Mining and quarrying,DE,Mining and quarrying; energy; water supply; waste management and remediation activities,BE,"Mining, quarrying and manufacturing",BE,"Mining, quarrying and manufacturing"
07,Mining of metal ores,BZ,Mining and quarrying,DE,Mining and quarrying; energy; water supply; waste management and remediation activities,BE,"Mining, quarrying and manufacturing",BE,"Mining, quarrying and manufacturing"
08,Other mining and quarrying,BZ,Mining and quarrying,DE,Mining and quarrying; energy; water supply; waste management and remediation activities,BE,"Mining, quarrying and manufacturing",BE,"Mining, quarrying and manufacturing"
09,Mining support service activities,BZ,Mining and quarrying,DE,Mining and quarrying; energy; water supply; waste management and remediation activities,BE,"Mining, quarrying and manufacturing",BE,"Mining, quarrying and manufacturing"
10,Manufacture of food products,CA,"Manufacture of food, beverages and tobacco",C1,"Manufacture of food, beverages and tobacco",BE,"Mining, quarrying and manufacturing",BE,"Mining, quarrying and manufacturing"
11,Manufacture of beverages,CA,"Manufacture of food, beverages and tobacco",C1,"Manufacture of food, beverages and tobacco",BE,"Mining, quarrying and manufacturing",BE,"Mining, quarrying and manufacturing"
12,Manufacture of tobacco products,CA,"Manufacture of food, beverages and tobacco",C1,"Manufacture of food, beverages and tobacco",BE,"Mining, quarrying and manufacturing",BE,"Mining, quarrying and manufacturing"
13,Manufacture of textiles,CB,"Manufacture of textiles, wearing apparel, leather and related products",C5,Manufacture of other industrial products,BE,"Mining, quarrying and manufacturing",BE,"Mining, quarrying and manufacturing"
14,Manufacture of wearing apparel,CB,"Manufacture of textiles, wearing apparel, leather and related products",C5,Manufacture of other industrial products,BE,"Mining, quarrying and manufacturing",BE,"Mining, quarrying and manufacturing"
15,Manufacture of leather and related products,CB,"Manufacture of textiles, wearing apparel, leather and related products",C5,Manufacture of other industrial products,BE,"Mining, quarrying and manufacturing",BE,"Mining, quarrying and manufacturing"
16,"Manufacture of wood and of products of wood and cork, except furniture; manufacture of articles of straw and plaiting materials",CC,"Manufacture of wood; manufacture of pulp, paper and paperboard; printing",C5,Manufacture of other industrial products,BE,"Mining, quarrying and manufacturing",BE,"Mining, quarrying and manufacturing"
17,Manufacture of paper and paper products,CC,"Manufacture of wood; manufacture of pulp, paper and paperboard; printing",C5,Manufacture of other industrial products,BE,"Mining, quarrying and manufacturing",BE,"Mining, quarrying and manufacturing"
18,Printing and reproduction of recorded media,CC,"Manufacture of wood; manufacture of pulp, paper and paperboard; printing",C5,Manufacture of other industrial products,BE,"Mining, quarrying and manufacturing",BE,"Mining, quarrying and manufacturing"
19,Manufacture of coke and refined petroleum products,CD,Manufacture of coke and refined petroleum products,C2,Manufacture of coke and refined petroleum products,BE,"Mining, quarrying and manufacturing",BE,"Mining, quarrying and manufacturing"
20,Manufacture of chemicals and chemical products,CE,Chemical Industry,C5,Manufacture of other industrial products,BE,"Mining, quarrying and manufacturing",BE,"Mining, quarrying and manufacturing"
21,Manufacture of basic pharmaceutical products and pharmaceutical preparations,CF,"Pharmaceuticals, medical chemical and botanical products",C5,Manufacture of other industrial products,BE,"Mining, quarrying and manufacturing",BE,"Mining, quarrying and manufacturing"
22,Manufacture of rubber and plastic products,CG,"Manufacture of rubber and plastics products, and other non-metallic mineral products",C5,Manufacture of other industrial products,BE,"Mining, quarrying and manufacturing",BE,"Mining, quarrying and manufacturing"
23,Manufacture of other non-metallic mineral products,CG,"Manufacture of rubber and plastics products, and other non-metallic mineral products",C5,Manufacture of other industrial products,BE,"Mining, quarrying and manufacturing",BE,"Mining, quarrying and manufacturing"
24,Manufacture of basic metals,CH,"Manufacture of basic metals and fabricated metal products, except machinery and equipment",C5,Manufacture of other industrial products,BE,"Mining, quarrying and manufacturing",BE,"Mining, quarrying and manufacturing"
25,"Manufacture of fabricated metal products, except machinery and equipment",CH,"Manufacture of basic metals and fabricated metal products, except machinery and equipment",C5,Manufacture of other industrial products,BE,"Mining, quarrying and manufacturing",BE,"Mining, quarrying and manufacturing"
26,"Manufacture of computer, electronic and optical products",CI,"Manufacture of computer, electronic and optical products",C3,"Manufacture of electrical, electronic and computer equipment; manufacture of machinery",BE,"Mining, quarrying and manufacturing",BE,"Mining, quarrying and manufacturing"
27,Manufacture of electrical equipment,CJ,Manufacture of electrical equipment,C3,"Manufacture of electrical, electronic and computer equipment; manufacture of machinery",BE,"Mining, quarrying and manufacturing",BE,"Mining, quarrying and manufacturing"
28,Manufacture of machinery and equipment n.e.c.,CK,Manufacture of machinery and equipment n.e.c.,C3,"Manufacture of electrical, electronic and computer equipment; manufacture of machinery",BE,"Mining, quarrying and manufacturing",BE,"Mining, quarrying and manufacturing"
29,"Manufacture of motor vehicles, trailers and semi-trailers",CL,Manufacture of transport equipment,C4,Manufacture of transport equipment,BE,"Mining, quarrying and manufacturing",BE,"Mining, quarrying and manufacturing"
30,Manufacture of other transport equipment,CL,Manufacture of transport equipment,C4,Manufacture of transport equipment,BE,"Mining, quarrying and manufacturing",BE,"Mining, quarrying and manufacturing"
31,Manufacture of furniture,CM,Other manufacturing; repair and installation of machinery and equipment,C5,Manufacture of other industrial products,BE,"Mining, quarrying and manufacturing",BE,"Mining, quarrying and manufacturing"
32,Other manufacturing,CM,Other manufacturing; repair and installation of machinery and equipment,C5,Manufacture of other industrial products,BE,"Mining, quarrying and manufacturing",BE,"Mining, quarrying and manufacturing"
33,Repair and installation of machinery and equipment,CM,Other manufacturing; repair and installation of machinery and equipment,C5,Manufacture of other industrial products,BE,"Mining, quarrying and manufacturing",BE,"Mining, quarrying and manufacturing"
35,"Electricity, gas, steam and air conditioning supply",DZ,"Electricity, gas, steam and air conditioning supply",DE,Mining and quarrying; energy; water supply; waste management and remediation activities,BE,"Mining, quarrying and manufacturing",BE,"Mining, quarrying and manufacturing"
36,"Water collection, treatment and supply",EZ,"Water supply; sewerage, waste management and remediation activities",DE,Mining and quarrying; energy; water supply; waste management and remediation activities,BE,"Mining, quarrying and manufacturing",BE,"Mining, quarrying and manufacturing"
37,Sewerage,EZ,"Water supply; sewerage, waste management and remediation activities",DE,Mining and quarrying; energy; water supply; waste management and remediation activities,BE,"Mining, quarrying and manufacturing",BE,"Mining, quarrying and manufacturing"
38,"Waste collection, treatment and disposal activities; materials recovery",EZ,"Water supply; sewerage, waste management and remediation activities",DE,Mining and quarrying; energy; water supply; waste management and remediation activities,BE,"Mining, quarrying and manufacturing",BE,"Mining, quarrying and manufacturing"
39,Remediation activities and other waste management services,EZ,"Water supply; sewerage, waste management and remediation activities",DE,Mining and quarrying; energy; water supply; waste management and remediation activities,BE,"Mining, quarrying and manufacturing",BE,"Mining, quarrying and manufacturing"
41,Construction of buildings,FZ,Construction,FZ,Construction,FZ,Construction,FZ,Construction
42,Civil engineering,FZ,Construction,FZ,Construction,FZ,Construction,FZ,Construction
43,Specialised construction activities,FZ,Construction,FZ,Construction,FZ,Construction,FZ,Construction
45,Wholesale and retail trade and repair of motor vehicles and motorcycles,GZ,Wholesale and retail trade services; repair services of motor vehicles and motorcycles,GZ,Wholesale and retail trade; repair of motor vehicles and motorcycles,GI,"Wholesale and retail trade, transport, accommodation and food service activities",GU,Mainly market services
46,"Wholesale trade, except of motor vehicles and motorcycles",GZ,Wholesale and retail trade services; repair services of motor vehicles and motorcycles,GZ,Wholesale and retail trade; repair of motor vehicles and motorcycles,GI,"Wholesale and retail trade, transport, accommodation and food service activities",GU,Mainly market services
47,"Retail trade, except of motor vehicles and motorcycles",GZ,Wholesale and retail trade services; repair services of motor vehicles and motorcycles,GZ,Wholesale and retail trade; repair of motor vehicles and motorcycles,GI,"Wholesale and retail trade, transport, accommodation and food service activities",GU,Mainly market services
49,Land transport and transport via pipelines,HZ,Transportation and storage,HZ,Transportation and storage,GI,"Wholesale and retail trade, transport, accommodation and food service activities",GU,Mainly market services
50,Water transport,HZ,Transportation and storage,HZ,Transportation and storage,GI,"Wholesale and retail trade, transport, accommodation and food service activities",GU,Mainly market services
51,Air transport,HZ,Transportation and storage,HZ,Transportation and storage,GI,"Wholesale and retail trade, transport, accommodation and food service activities",GU,Mainly market services
52,Warehousing and support activities for transportation,HZ,Transportation and storage,HZ,Transportation and storage,GI,"Wholesale and retail trade, transport, accommodation and food service activities",GU,Mainly market services
53,Postal and courier activities,HZ,Transportation and storage,HZ,Transportation and storage,GI,"Wholesale and retail trade, transport, accommodation and food service activities",GU,Mainly market services
55,Accommodation,IZ,Accommodation and food service activities,IZ,Accommodation and food service activities,GI,"Wholesale and retail trade, transport, accommodation and food service activities",GU,Mainly market services
56,Food and beverage service activities,IZ,Accommodation and food service activities,IZ,Accommodation and food service activities,GI,"Wholesale and retail trade, transport, accommodation and food service activities",GU,Mainly market services
58,Publishing activities,JA,"Publishing activities, audiovisual and broadcasting activities",JZ,Information and communication,JZ,Information and communication,GU,Mainly market services
59,"Motion picture, video and television programme production, sound recording and music publishing activities",JA,"Publishing activities, audiovisual and broadcasting activities",JZ,Information and communication,JZ,Information and communication,GU,Mainly market services
60,Programming and broadcasting activities,JA,"Publishing activities, audiovisual and broadcasting activities",JZ,Information and communication,JZ,Information and communication,GU,Mainly market services
61,Telecommunications,JB,Telecommunications,JZ,Information and communication,JZ,Information and communication,GU,Mainly market services
62,"Computer programming, consultancy and related activities",JC,Information technology and computer service activities,JZ,Information and communication,JZ,Information and communication,GU,Mainly market services
63,Information service activities,JC,Information technology and computer service activities,JZ,Information and communication,JZ,Information and communication,GU,Mainly market services
64,"Financial service activities, except insurance and pension funding",KZ,Financial and insurance activities,KZ,Financial and insurance activities,KZ,Financial and insurance activities,GU,Mainly market services
65,"Insurance, reinsurance and pension funding, except compulsory social security",KZ,Financial and insurance activities,KZ,Financial and insurance activities,KZ,Financial and insurance activities,GU,Mainly market services
66,Activities auxiliary to financial services and insurance activities,KZ,Financial and insurance activities,KZ,Financial and insurance activities,KZ,Financial and insurance activities,GU,Mainly market services
68,Real estate activities,LZ,Real estate,LZ,Real estate,LZ,Real estate,GU,Mainly market services
69,Legal and accounting activities,MA,"Legal, accounting, management consultancy, architectural, engineering, technical testing and analysis activities",MN,Scientific and technical activities; administrative and support service activities,MN,"Professional, scientific and technical activities - Administrative and support service activities",GU,Mainly market services
70,Activities of head offices; management consultancy activities,MA,"Legal, accounting, management consultancy, architectural, engineering, technical testing and analysis activities",MN,Scientific and technical activities; administrative and support service activities,MN,"Professional, scientific and technical activities - Administrative and support service activities",GU,Mainly market services
71,Architectural and engineering activities; technical testing and analysis,MA,"Legal, accounting, management consultancy, architectural, engineering, technical testing and analysis activities",MN,Scientific and technical activities; administrative and support service activities,MN,"Professional, scientific and technical activities - Administrative and support service activities",GU,Mainly market services
72,Scientific research and development,MB,Scientific research and development,MN,Scientific and technical activities; administrative and support service activities,MN,"Professional, scientific and technical activities - Administrative and support service activities",GU,Mainly market services
73,Advertising and market research,MC,"Other professional, scientific and technical activities",MN,Scientific and technical activities; administrative and support service activities,MN,"Professional, scientific and technical activities - Administrative and support service activities",GU,Mainly market services
74,"Other professional, scientific and technical activities",MC,"Other professional, scientific and technical activities",MN,Scientific and technical activities; administrative and support service activities,MN,"Professional, scientific and technical activities - Administrative and support service activities",GU,Mainly market services
75,Veterinary activities,MC,"Other professional, scientific and technical activities",MN,Scientific and technical activities; administrative and support service activities,MN,"Professional, scientific and technical activities - Administrative and support service activities",GU,Mainly market services
77,Rental and leasing activities,NZ,Administrative and support service activities,MN,Scientific and technical activities; administrative and support service activities,MN,"Professional, scientific and technical activities - Administrative and support service activities",GU,Mainly market services
78,Employment activities,NZ,Administrative and support service activities,MN,Scientific and technical activities; administrative and support service activities,MN,"Professional, scientific and technical activities - Administrative and support service activities",GU,Mainly market services
79,"Travel agency, tour operator and other reservation service and related activities",NZ,Administrative and support service activities,MN,Scientific and technical activities; administrative and support service activities,MN,"Professional, scientific and technical activities - Administrative and support service activities",GU,Mainly market services
80,Security and investigation activities,NZ,Administrative and support service activities,MN,Scientific and technical activities; administrative and support service activities,MN,"Professional, scientific and technical activities - Administrative and support service activities",GU,Mainly market services
81,Services to buildings and landscape activities,NZ,Administrative and support service activities,MN,Scientific and technical activities; administrative and support service activities,MN,"Professional, scientific and technical activities - Administrative and support service activities",GU,Mainly market services
82,"Office administrative, office support and other business support activities",NZ,Administrative and support service activities,MN,Scientific and technical activities; administrative and support service activities,MN,"Professional, scientific and technical activities - Administrative and support service activities",GU,Mainly market services
84,Public administration and defence; compulsory social security,OZ,Public administration,OQ,"Public administration, education, health and social work",OQ,"Public administration, education, health and social work",OQ,Mainly non-market services
85,Education,PZ,Education,OQ,"Public administration, education, health and social work",OQ,"Public administration, education, health and social work",OQ,Mainly non-market services
86,Human health activities,QA,Human health activities,OQ,"Public administration, education, health and social work",OQ,"Public administration, education, health and social work",OQ,Mainly non-market services
87,Residential care activities,QB,Social and health care accommodation; social welfare without accommodation,OQ,"Public administration, education, health and social work",OQ,"Public administration, education, health and social work",OQ,Mainly non-market services
88,Social work activities without accommodation,QB,Social and health care accommodation; social welfare without accommodation,OQ,"Public administration, education, health and social work",OQ,"Public administration, education, health and social work",OQ,Mainly non-market services
90,"Creative, arts and entertainment activities",RZ,"Arts, entertainment and recreation",RU,Other service activities,RU,Other service activities,GU,Mainly market services
91,"Libraries, archives, museums and other cultural activities",RZ,"Arts, entertainment and recreation",RU,Other service activities,RU,Other service activities,GU,Mainly market services
92,Gambling and betting activities,RZ,"Arts, entertainment and recreation",RU,Other service activities,RU,Other service activities,GU,Mainly market services
93,Sports activities and amusement and recreation activities,RZ,"Arts, entertainment and recreation",RU,Other service activities,RU,Other service activities,GU,Mainly market services
94,Activities of membership organisations,SZ,Other service activities,RU,Other service activities,RU,Other service activities,GU,Mainly market services
95,Repair of computers and personal and household goods,SZ,Other service activities,RU,Other service activities,RU,Other service activities,GU,Mainly market services
96,Other personal service activities,SZ,Other service activities,RU,Other service activities,RU,Other service activities,GU,Mainly market services
97,Activities of households as employers of domestic personnel,TZ,Activities of households as employers; undifferentiated goods- and services-producing activities of households for own use,RU,Other service activities,RU,Other service activities,GU,Mainly market services
98,Undifferentiated goods- and services-producing activities of private households for own use,TZ,Activities of households as employers; undifferentiated goods- and services-producing activities of households for own use,RU,Other service activities,RU,Other service activities,GU,Mainly market services
